{"cameraMode":{"drawMode":0,"name":"Shaded","section":"Shading Mode"},"sceneLighting":true,"audioPlay":false,"sceneViewState":{"showFog":true,"showMaterialUpdate":false,"showSkybox":true,"showFlares":true,"showImageEffects":true,"showParticleSystems":true},"in2DMode":false,"pivot":{"x":23.588523864746095,"y":-28.566883087158204,"z":161.95578002929688},"rotation":{"x":0.13236431777477265,"y":0.046073343604803088,"z":-0.006158568896353245,"w":0.9901106357574463},"size":107.69629669189453,"orthographic":true}