{"cameraMode":{"drawMode":0,"name":"Shaded","section":"Shading Mode"},"sceneLighting":true,"audioPlay":false,"sceneViewState":{"showFog":true,"showMaterialUpdate":true,"showSkybox":true,"showFlares":true,"showImageEffects":true,"showParticleSystems":true},"in2DMode":false,"pivot":{"x":5.620568752288818,"y":0.5676000714302063,"z":3.5390796661376955},"rotation":{"x":0.09598900377750397,"y":-0.07309290766716004,"z":0.0070679341442883019,"w":0.9926699995994568},"size":13.975603103637696,"orthographic":true}